<?xml version="1.0"?>
<!--

    Sonatype Nexus (TM) Open Source Version
    Copyright (c) 2007-2012 Sonatype, Inc.
    All rights reserved. Includes the third-party code listed at http://links.sonatype.com/products/nexus/oss/attributions.

    This program and the accompanying materials are made available under the terms of the Eclipse Public License Version 1.0,
    which accompanies this distribution and is available at http://www.eclipse.org/legal/epl-v10.html.

    Sonatype Nexus (TM) Professional Version is available from Sonatype, Inc. "Sonatype" and "Sonatype Nexus" are trademarks
    of Sonatype, Inc. Apache Maven is a trademark of the Apache Software Foundation. M2eclipse is a trademark of the
    Eclipse Foundation. All other trademarks are the property of their respective owners.

-->
<!DOCTYPE Configure PUBLIC "-//Jetty//Configure//EN" "http://www.eclipse.org/jetty/configure.dtd">

<!-- ============================================================ -->
<!--                                                              -->
<!--  NOTE: Copy this file to ../jetty.xml to use it.             -->
<!--                                                              -->
<!--                                                              -->
<!-- For help using this configuration, see:                      -->
<!--                                                              -->
<!--   http://links.sonatype.com/products/nexus/oss/docs-jetty    -->
<!--                                                              -->
<!-- ============================================================ -->
<Configure id="Server" class="org.eclipse.jetty.server.Server">
    <Call name="addConnector">
        <Arg>
            <New class="org.eclipse.jetty.server.nio.SelectChannelConnector">
              <Set name="host">${application-host}</Set>
              <Set name="port">${application-port}</Set>
            </New>
        </Arg>
    </Call>
    <Call name="addConnector">
        <Arg>
            <New class="org.eclipse.jetty.security.SslSelectChannelConnector">
                <Set name="host">${application-host}</Set>
                <Set name="port">${application-port-ssl}</Set>
                <Set name="keystore">/etc/ssl/keystore</Set>
                <Set name="truststore">/etc/ssl/keystore</Set>
                <Set name="password">OBF:1v2j1uum1xtv1zej1zer1xtn1uvk1v1v</Set>
                <Set name="keyPassword">OBF:1v2j1uum1xtv1zej1zer1xtn1uvk1v1v</Set>
                <Set name="trustPassword">OBF:1v2j1uum1xtv1zej1zer1xtn1uvk1v1v</Set>
            </New>
        </Arg>
    </Call>
    
    <New id="Contexts" class="org.eclipse.jetty.server.handler.ContextHandlerCollection">
        <!-- The following configuration disables JSP taglib support, the validation of which
             slows down Jetty's startup significantly. -->
        <Call name="addLifeCycleListener">
            <Arg>
              <New class="org.sonatype.sisu.jetty.custom.DisableTagLibsListener" />
            </Arg>
        </Call>
    </New>

    <New id="NexusWebAppContext" class="org.eclipse.jetty.webapp.WebAppContext">
      <Arg><Ref id="Contexts"/></Arg>
      <Arg>${nexus-webapp}</Arg>
      <Arg>${nexus-webapp-context-path}</Arg>
      <Set name="extractWAR">false</Set>
      <Set name="throwUnavailableOnStartupException">true</Set>
    </New>

    <!--
        Documentation for this found at:
        http://jetty.mortbay.org/jetty/jetty-6/apidocs/org/mortbay/jetty/handler/rewrite/RewriteHandler.html
    -->
    <Set name="handler">
        <New id="Handlers" class="org.eclipse.jetty.rewrite.handler.RewriteHandler">
            <Set name="rules">
                <Array type="org.eclipse.jetty.rewrite.handler.Rule">
                    <Item>
                      <New id="redirecedHttps"
                          class="org.sonatype.sisu.jetty.custom.RedirectToHttpsRule">
                          <Set name="httpsPort">${application-port-ssl}</Set>
                      </New>
                    </Item>
                </Array>
            </Set>
            <Set name="handler">
                <New id="Handlers" class="org.eclipse.jetty.server.handler.HandlerCollection">
                    <Set name="handlers">
                        <Array type="org.eclipse.jetty.server.Handler">
                            <Item><Ref id="Contexts"/></Item>
                            <Item><New id="DefaultHandler" class="org.eclipse.jetty.server.handler.DefaultHandler"/></Item>
                            <Item><New id="RequestLog" class="org.eclipse.jetty.server.handler.RequestLogHandler"/></Item>
                        </Array>
                    </Set>
                </New>
            </Set>
        </New>
    </Set>

    <Set name="stopAtShutdown">true</Set>
    <Set name="sendServerVersion">true</Set>
    <Set name="sendDateHeader">true</Set>
    <Set name="gracefulShutdown">1000</Set>
</Configure>
